{
  "NDX": {
    "win_rate": 0.005,
    "avg_win": 0.002593,
    "avg_loss": 0.063513,
    "total": 200,
    "correct": 1,
    "rolling_20": 0.05,
    "rolling_50": 0.02,
    "score_history": [
      -0.735,
      -1.265,
      -1.265,
      -0.25,
      -1.26,
      -1.1,
      -1.155,
      -0.25,
      -0.945,
      0.369,
      0.4725,
      0.4375,
      0.735,
      0.875,
      0.7,
      0.63,
      0.875,
      0.735,
      0.902,
      0.805,
      0.525,
      0.41,
      0.125,
      0.525,
      0.738,
      0.9,
      1.035,
      0.5,
      0.675,
      0.625,
      0.675,
      0.945,
      -1.125,
      -0.45,
      -1.265,
      -1.1,
      -0.525,
      -1.375,
      -0.525,
      -0.574,
      -1.375,
      -0.5,
      -1.125,
      1.155,
      0.625,
      0.7,
      0.805,
      0.805,
      0.875,
      0.805,
      0.735,
      1.125,
      1.125,
      1.035,
      1.17,
      1.275,
      -0.075,
      -0.525,
      -0.805,
      -1.375,
      -1.1,
      -1.125,
      1.265,
      0.875,
      0.574,
      0.825,
      0.63,
      1.75,
      1.265,
      1.5,
      1.575,
      1.23,
      -0.18,
      0.3375,
      -0.525,
      -1.125,
      -0.075,
      -0.945,
      -0.105,
      -1.125,
      -0.825,
      -1.875,
      -0.6875,
      -0.375,
      -0.369,
      0.5625,
      0.45,
      0.875,
      1.1,
      0.875,
      0.735,
      0.875,
      0.735,
      0.45,
      0.945,
      0.675,
      1.3,
      -0.574,
      -0.875,
      -0.574,
      -1.1,
      -0.7,
      -0.7,
      -0.735,
      -0.69,
      -0.945,
      -1.3,
      0.45,
      0.082,
      0.105,
      0.1,
      -0.99,
      -0.63,
      -1.155,
      -0.7,
      -1.155,
      -0.7,
      -0.525,
      -0.945,
      -0.81,
      -1.035,
      -0.945,
      0.525,
      -1.3,
      -1.155,
      1.575,
      0.525,
      1.155,
      1.155,
      0.99,
      1.575,
      0.9,
      -0.945,
      -1.035,
      -0.525,
      -1.265,
      -1.1,
      -0.63,
      1.5,
      -0.825,
      2.07,
      -1.575,
      -1.5,
      -1.875,
      -1.875,
      1.725,
      0.81,
      0.675,
      0.7875,
      -0.75,
      -0.615,
      -0.2625,
      -0.35,
      -0.451,
      0.1,
      -0.25,
      0.9,
      -0.945,
      -1.65,
      -0.7875,
      -0.6325,
      -0.7,
      -0.63,
      -0.525,
      -0.2,
      -1.265,
      -1.1,
      -0.9,
      -0.9,
      -1.65,
      -0.495,
      -0.7,
      -0.63,
      -0.63,
      -0.63,
      0.21,
      -0.945,
      1.265,
      0.1,
      0.575,
      0.115,
      0.7,
      0.735,
      1.155,
      1.875,
      0.7,
      0.7,
      0.875,
      0.805,
      0.7,
      0.735,
      0.805,
      0.875,
      0.875,
      0.875,
      0.805,
      0.875,
      0.875,
      0.805,
      0.875,
      0.9
    ]
  },
  "TSX": {
    "win_rate": 0.02,
    "avg_win": 0.003071,
    "avg_loss": 0.05825,
    "total": 200,
    "correct": 4,
    "rolling_20": 0.05,
    "rolling_50": 0.02,
    "score_history": [
      1.875,
      -1.62,
      -1.725,
      -1.575,
      1.875,
      1.155,
      1.375,
      1.155,
      0.875,
      0.735,
      0.805,
      0.805,
      0.875,
      0.805,
      -0.15,
      0.675,
      0.975,
      1.365,
      1.625,
      1.3,
      1.625,
      1.1,
      0.825,
      -0.18,
      0.1,
      0.81,
      0.625,
      1.066,
      1.625,
      1.625,
      1.375,
      1.1,
      1.125,
      1.155,
      0.5,
      1.035,
      0.975,
      -0.525,
      -0.082,
      -1.155,
      -1.125,
      1.8,
      1.875,
      0.735,
      0.875,
      0.7,
      0.7,
      0.735,
      0.7,
      -0.15,
      0.945,
      1.625,
      0.9,
      0.975,
      -0.525,
      -0.1,
      -0.625,
      2.25,
      1.155,
      1.265,
      0.805,
      0.825,
      -0.2,
      0.625,
      1.125,
      1.375,
      1.1,
      1.375,
      0.875,
      0.7,
      0.7,
      0.7,
      0.115,
      0.125,
      0.41,
      0.575,
      0.41,
      0.575,
      0.105,
      0.375,
      1.275,
      -0.625,
      -0.525,
      1.875,
      0.945,
      2.25,
      1.575,
      0.875,
      0.825,
      0.2,
      1.035,
      0.945,
      1.035,
      -0.825,
      -0.5,
      -0.525,
      -0.805,
      -0.525,
      -1.265,
      -0.99,
      -0.21,
      -1.1,
      -1.5,
      -0.63,
      -1.495,
      1.155,
      0.525,
      1.1,
      0.735,
      0.63,
      0.735,
      0.54,
      -0.902,
      1.575,
      1.035,
      1.365,
      1.3,
      1.575,
      0.3675,
      0.7,
      0.735,
      0.7,
      0.735,
      0.7,
      0.735,
      0.735,
      0.735,
      0.735,
      0.574,
      0.735,
      0.735,
      -0.18,
      0.105,
      0.105,
      0.575,
      1.365,
      -0.525,
      -0.5,
      -0.5,
      -0.63,
      -1.265,
      -0.735,
      -0.7,
      -0.805,
      -0.875,
      -0.23,
      -0.81,
      -0.41,
      -0.945,
      -0.738,
      -1.35,
      -0.825,
      -0.63,
      -0.99,
      -0.525,
      -0.81,
      -0.738,
      -0.9,
      -0.825,
      -1.1,
      -1.265,
      -0.7,
      -0.63,
      -0.7,
      -0.525,
      -1.035,
      -0.9,
      1.5,
      0.105,
      0.41,
      0.41,
      -1.035,
      -0.945,
      1.575,
      -0.45,
      0.945,
      0.5775,
      0.3675,
      0.7,
      0.735,
      0.735,
      0.735,
      0.735,
      0.735,
      0.575,
      0.63,
      0.735,
      0.7,
      0.5,
      0.5,
      0.105,
      0.115,
      0.525,
      0.735,
      0.805,
      0.63,
      -0.2,
      0.09,
      0.5,
      0.115,
      1.3
    ]
  },
  "NIFTY": {
    "win_rate": 0.75,
    "avg_win": 0.055265,
    "avg_loss": 0.039258,
    "total": 200,
    "correct": 150,
    "rolling_20": 0.1,
    "rolling_50": 0.04,